{
  "results": [
    {
      "qtype": "Q3_K",
      "shape": "64x4096",
      "rows": 64,
      "width": 4096,
      "kernel_variant": "production_two_blocks_per_warp_syncwarp_64t",
      "iterations": 100,
      "old_baseline_ms": 0.14979,
      "ms": 0.01724576111882925,
      "delta_pct": -88.48670731101592,
      "decoded_bytes": 1048576,
      "encoded_bytes": 112640,
      "traffic_gb_s": 67.33341555636895,
      "roofline_pct": 7.192204182479059,
      "blocks_per_s": 59376909.66170101,
      "exact": true
    },
    {
      "qtype": "Q3_K",
      "shape": "4096x4096",
      "rows": 4096,
      "width": 4096,
      "kernel_variant": "production_two_blocks_per_warp_syncwarp_64t",
      "iterations": 60,
      "old_baseline_ms": 1.11319,
      "ms": 0.29516166541725397,
      "delta_pct": -73.48505956599915,
      "decoded_bytes": 67108864,
      "encoded_bytes": 7208960,
      "traffic_gb_s": 251.786843304807,
      "roofline_pct": 26.894557071652102,
      "blocks_per_s": 222034253.35520902,
      "exact": true
    },
    {
      "qtype": "Q3_K",
      "shape": "11008x4096",
      "rows": 11008,
      "width": 4096,
      "kernel_variant": "production_two_blocks_per_warp_syncwarp_64t",
      "iterations": 30,
      "old_baseline_ms": 2.453299,
      "ms": 0.714548327960074,
      "delta_pct": -70.87398120000563,
      "decoded_bytes": 180355072,
      "encoded_bytes": 19374080,
      "traffic_gb_s": 279.51804543465397,
      "roofline_pct": 29.856659414083953,
      "blocks_per_s": 246488576.22103527,
      "exact": "skip"
    }
  ]
}
