qtype,shape,rows,width,kernel_variant,iterations,old_baseline_ms,ms,delta_pct,decoded_bytes,encoded_bytes,traffic_gb_s,roofline_pct,blocks_per_s,exact
Q3_K,64x4096,64,4096,production_two_blocks_per_warp_64t,100,0.14979,0.01753035932779312,-88.2967091743153,1048576,112640,66.24028511263747,7.075441691159738,58412949.8347773,True
Q3_K,4096x4096,4096,4096,production_two_blocks_per_warp_64t,30,1.11319,0.3097821647922198,-72.17167197044351,67108864,7208960,239.90349492795102,25.62523979149231,211555110.16574165,True
Q3_K,11008x4096,11008,4096,production_two_blocks_per_warp_64t,15,2.453299,0.7282328636695942,-70.3161798187015,180355072,19374080,274.2655020999147,29.29561013671381,241856703.79181194,skip
