qtype,shape,rows,width,kernel_variant,iterations,old_baseline_ms,ms,delta_pct,decoded_bytes,encoded_bytes,traffic_gb_s,roofline_pct,blocks_per_s,exact
Q4_K,64x4096,64,4096,production_lane_subgroups,100,0.23150963941588998,0.030140550807118416,-86.98086572845757,1048576,147456,39.68182292533049,4.238605311400394,33974163.46346789,True
Q4_K,4096x4096,4096,4096,production_lane_subgroups,30,0.9019073642169436,0.6452075981845459,-28.461877152457927,67108864,9437184,118.63785890832902,12.672277174570498,101573509.33932279,True
Q4_K,11008x4096,11008,4096,production_lane_subgroups,15,2.0980915365119777,1.6880752053111792,-19.542347131452612,180355072,25362432,121.86512979561128,13.016997414613465,104336583.72911924,True
