{
  "results": [
    {
      "qtype": "Q4_K",
      "shape": "64x4096",
      "rows": 64,
      "width": 4096,
      "kernel_variant": "production_lane_subgroups_pack_64t",
      "iterations": 100,
      "old_baseline_ms": 0.23150963941588998,
      "ms": 0.0273305606842041,
      "delta_pct": -88.19463381604308,
      "decoded_bytes": 1048576,
      "encoded_bytes": 147456,
      "traffic_gb_s": 43.7617074095101,
      "roofline_pct": 4.674397287920327,
      "blocks_per_s": 37467215.24786824,
      "exact": true
    },
    {
      "qtype": "Q4_K",
      "shape": "4096x4096",
      "rows": 4096,
      "width": 4096,
      "kernel_variant": "production_lane_subgroups_pack_64t",
      "iterations": 30,
      "old_baseline_ms": 0.9019073642169436,
      "ms": 0.6241280237833658,
      "delta_pct": -30.799098827045512,
      "decoded_bytes": 67108864,
      "encoded_bytes": 9437184,
      "traffic_gb_s": 122.64478613857123,
      "roofline_pct": 13.100276237830725,
      "blocks_per_s": 105004097.72137947,
      "exact": true
    },
    {
      "qtype": "Q4_K",
      "shape": "11008x4096",
      "rows": 11008,
      "width": 4096,
      "kernel_variant": "production_lane_subgroups_pack_64t",
      "iterations": 15,
      "old_baseline_ms": 2.0980915365119777,
      "ms": 1.656211217244466,
      "delta_pct": -21.061060090930354,
      "decoded_bytes": 180355072,
      "encoded_bytes": 25362432,
      "traffic_gb_s": 124.2097033627535,
      "roofline_pct": 13.267432531804474,
      "blocks_per_s": 106343924.11194648,
      "exact": "skip"
    }
  ]
}