{
  "results": [
    {
      "qtype": "Q4_K",
      "shape": "64x4096",
      "rows": 64,
      "width": 4096,
      "kernel_variant": "production_lane_subgroups",
      "iterations": 100,
      "old_baseline_ms": 0.23150963941588998,
      "ms": 0.030140550807118416,
      "delta_pct": -86.98086572845757,
      "decoded_bytes": 1048576,
      "encoded_bytes": 147456,
      "traffic_gb_s": 39.68182292533049,
      "roofline_pct": 4.238605311400394,
      "blocks_per_s": 33974163.46346789,
      "exact": true
    },
    {
      "qtype": "Q4_K",
      "shape": "4096x4096",
      "rows": 4096,
      "width": 4096,
      "kernel_variant": "production_lane_subgroups",
      "iterations": 30,
      "old_baseline_ms": 0.9019073642169436,
      "ms": 0.6452075981845459,
      "delta_pct": -28.461877152457927,
      "decoded_bytes": 67108864,
      "encoded_bytes": 9437184,
      "traffic_gb_s": 118.63785890832902,
      "roofline_pct": 12.672277174570498,
      "blocks_per_s": 101573509.33932279,
      "exact": true
    },
    {
      "qtype": "Q4_K",
      "shape": "11008x4096",
      "rows": 11008,
      "width": 4096,
      "kernel_variant": "production_lane_subgroups",
      "iterations": 15,
      "old_baseline_ms": 2.0980915365119777,
      "ms": 1.6880752053111792,
      "delta_pct": -19.542347131452612,
      "decoded_bytes": 180355072,
      "encoded_bytes": 25362432,
      "traffic_gb_s": 121.86512979561128,
      "roofline_pct": 13.016997414613465,
      "blocks_per_s": 104336583.72911924,
      "exact": true
    }
  ]
}