qtype,shape,rows,width,kernel_variant,iterations,old_baseline_ms,ms,delta_pct,decoded_bytes,encoded_bytes,traffic_gb_s,roofline_pct,blocks_per_s,exact
Q5_K,64x4096,64,4096,production_lane_subgroups_64t,100,0.2292045601643622,0.023328959941864014,-89.8217732120448,1048576,180224,52.67272964856475,5.626226196172265,43893941.37380396,True
Q5_K,4096x4096,4096,4096,production_lane_subgroups_64t,30,1.1085149288798373,0.507148806254069,-54.249708953712805,67108864,11534336,155.0692795293729,16.563691468636282,129224399.60781075,True
Q5_K,11008x4096,11008,4096,production_lane_subgroups_64t,15,2.507204127808412,1.3254656473795572,-47.133716290656864,180355072,30998528,159.45611296516483,17.032270130865715,132880094.13763736,skip
