{
  "results": [
    {
      "qtype": "Q6_K",
      "shape": "64x4096",
      "rows": 64,
      "width": 4096,
      "kernel_variant": "production_lane_subgroups_pack_64t",
      "iterations": 100,
      "old_baseline_ms": 0.1483745384030044,
      "ms": 0.014243839979171754,
      "delta_pct": -90.40007798340464,
      "decoded_bytes": 1048576,
      "encoded_bytes": 215040,
      "traffic_gb_s": 88.71315613259765,
      "roofline_pct": 9.475876536274049,
      "blocks_per_s": 71890726.20145676,
      "exact": true
    },
    {
      "qtype": "Q6_K",
      "shape": "4096x4096",
      "rows": 4096,
      "width": 4096,
      "kernel_variant": "production_lane_subgroups_pack_64t",
      "iterations": 30,
      "old_baseline_ms": 0.8049371729915341,
      "ms": 0.40977067947387696,
      "delta_pct": -49.09283690415591,
      "decoded_bytes": 67108864,
      "encoded_bytes": 13762560,
      "traffic_gb_s": 197.35776142850062,
      "roofline_pct": 21.080726493110514,
      "blocks_per_s": 159933356.1008919,
      "exact": true
    },
    {
      "qtype": "Q6_K",
      "shape": "11008x4096",
      "rows": 11008,
      "width": 4096,
      "kernel_variant": "production_lane_subgroups_pack_64t",
      "iterations": 15,
      "old_baseline_ms": 1.9372775995483,
      "ms": 1.093563715616862,
      "delta_pct": -43.55152220456997,
      "decoded_bytes": 180355072,
      "encoded_bytes": 36986880,
      "traffic_gb_s": 198.74649176468043,
      "roofline_pct": 21.22906342284559,
      "blocks_per_s": 161058745.35225317,
      "exact": "skip"
    }
  ]
}