"qtype","total_s","wall_s","read_s","encode_s","cpu_convert_s","write_s","output_size_gb","output_deleted"
"Q2_K",110.838,110.88699962384999,41.203,61.433,61.433,1.455,"4.19945808",true
"Q3_K_M",64.647,64.69129568804055,42.58,13.978,13.978,1.711,"5.579793696",true
"Q4_0",15.733,15.779179719043896,9.303,3.715,3.715,1.895,"6.797337888",true
"Q4_K_M",112.513,112.57288736919872,9.511,99.742,99.742,2.398,"7.161996576",true
"Q5_K_M",105.191,105.23783824010752,40.081,56.193,56.193,2.654,"8.741397792",true
"Q6_K",49.23,49.28659673500806,9.713,35.611,35.611,3.07,"10.19575632",true
"Q8_0",17.781,17.834996440913528,9.245,4.432,4.432,3.386,"12.714452256",true
