"qtype","total_s","wall_s","read_s","encode_s","cpu_convert_s","h2d_s","cuda_quant_s","d2h_s","write_s","output_size_gb","cuda_vram_bytes","cuda_max_input_bytes","cuda_max_output_bytes","output_deleted"
"Q2_K",71.283,71.62215914297849,53.729,6.372,3.82,2.031,0.33,0.191,0.837,"4.19945808",1073741824,264241152,21676032,true
"Q3_K_M",29.641,29.97447293694131,17.598,6.284999999999999,3.755,2.044,0.223,0.263,1.053,"5.579793696",1073741824,264241152,28385280,true
"Q4_0",30.087,30.42407348495908,17.772,6.093,3.609,2.071,0.105,0.308,1.256,"6.797337888",1073741824,264241152,37158912,true
"Q4_K_M",30.083,30.431125945178792,17.426,6.447,3.655,2.06,0.412,0.32,1.336,"7.161996576",1073741824,264241152,37158912,true
"Q5_K_M",31.587,31.938162612961605,18.17,6.693999999999999,3.898,2.077,0.321,0.398,1.71,"8.741397792",1073741824,264241152,45416448,true
"Q6_K",35.096,35.47810197295621,18.068,6.745,3.886,2.114,0.263,0.482,5.192,"10.19575632",1073741824,264241152,54190080,true
"Q8_0",34.354,34.737956994911656,17.865,6.63,3.793,2.135,0.099,0.603,4.438,"12.714452256",1073741824,264241152,70189056,true
