"qtype","cpu_total_s","cuda_total_s","total_speedup_cuda_vs_cpu","cpu_read_s","cuda_read_s","cpu_encode_s","cuda_encode_s","encode_speedup_cuda_vs_cpu","cpu_write_s","cuda_write_s","output_size_gb"
"Q2_K",110.838,71.283,1.554900888009764,41.203,53.729,61.433,6.372,9.641086001255493,1.455,0.837,"4.19945808"
"Q3_K_M",64.647,29.641,2.180999291521879,42.58,17.598,13.978,6.284999999999999,2.2240254574383456,1.711,1.053,"5.579793696"
"Q4_0",15.733,30.087,0.5229168743975804,9.303,17.772,3.715,6.093,0.6097160676185787,1.895,1.256,"6.797337888"
"Q4_K_M",112.513,30.083,3.740085762723133,9.511,17.426,99.742,6.447,15.47107181634869,2.398,1.336,"7.161996576"
"Q5_K_M",105.191,31.587,3.330199132554532,40.081,18.17,56.193,6.693999999999999,8.394532417089932,2.654,1.71,"8.741397792"
"Q6_K",49.23,35.096,1.4027239571461136,9.713,18.068,35.611,6.745,5.279614529280948,3.07,5.192,"10.19575632"
"Q8_0",17.781,34.354,0.5175816498806544,9.245,17.865,4.432,6.63,0.668476621417798,3.386,4.438,"12.714452256"
